index:1,title:သူနာပြုဆရာမလေး,picture:Pictures/1.jpg,popular:yes
index:2,title:ဟင်းအင့်,picture:Pictures/2.jpg,popular:yes
index:3,title:သူခိုးလေး,picture:Pictures/3.jpg,popular:yes
index:4,title:Masters Wife,picture:Pictures/4.jpg,popular:yes
index:5,title:ကာမစိတ်,picture:Pictures/5.jpg,popular:yes
index:6,title:မိဒွေး,picture:Pictures/6.jpg,popular:yes
index:7,title:မိဒွေး ၂,picture:Pictures/7.jpg,popular:yes
index:8,title:ဖင်ဆော့ကြသူများ,picture:Pictures/8.jpg,popular:yes
index:9,title:စန္ဒယားဆရာ,picture:Pictures/9.jpg,popular:yes
index:10,title:တီတီစေတနာ,picture:Pictures/10.jpg,popular:yes
index:11,title:မာယာရှင်,picture:Pictures/11.jpg,popular:yes
index:12,title:မာယာခြေသံ,picture:Pictures/12.jpg,popular:yes
index:13,title:ကျူးပစ်မောင်မောင်အရူးဖြစ်ချင်ယောက်ဆောင်,picture:Pictures/13.jpg,popular:yes
index:14,title:လူမဲကြီး,picture:Pictures/14.jpg,popular:yes
index:15,title:အတွင်းရေးမှူး,picture:Pictures/15.jpg,popular:no
index:16,title:လယ်တော,picture:Pictures/16.jpg,popular:no
index:17,title:လူလည်ကြီးများ,picture:Pictures/17.jpg,popular:no
index:18,title:Nanny,picture:Pictures/18.jpg,popular:no
index:19,title:ပွင့်,picture:Pictures/19.jpg,popular:no
index:20,title:ကျောင်းသူလေးရဲ့ ကလဲ့စား,picture:Pictures/20.jpg,popular:no
index:21,title:The Game,picture:Pictures/21.jpg,popular:no
index:22,title:ချိုချဉ် အပိုင်း 1,picture:Pictures/22.jpg,popular:yes
index:23,title:ခိုနားရာ အပိုင်း 1,picture:Pictures/23.jpg,popular:yes
index:24,title:ခိုနားရာ အပိုင်း 2,picture:Pictures/24.jpg,popular:yes
index:25,title:ခိုနားရာ အပိုင်း 3,picture:Pictures/25.jpg,popular:yes
index:26,title:ခိုနားရာ အပိုင်း 4,picture:Pictures/26.jpg,popular:yes
index:27,title:ကျမတို့စာသင်ခန်း အပိုင်း 1,picture:Pictures/27.jpg,popular:no
index:28,title:စေလိုရာ အပိုင်း 1,picture:Pictures/28.jpg,popular:no
index:29,title:စေလိုရာ အပိုင်း 2,picture:Pictures/29.jpg,popular:no
index:30,title:စေလိုရာ အပိုင်း 3,picture:Pictures/30.jpg,popular:no
index:31,title:စေလိုရာ အပိုင်း 4,picture:Pictures/31.jpg,popular:no
index:32,title:မျက်နှာများတဲ့မောင်,picture:Pictures/32.jpg,popular:no
